[{"model": "contenttypes.contenttype", "pk": 1, "fields": {"app_label": "admin", "model": "logentry"}}, {"model": "contenttypes.contenttype", "pk": 2, "fields": {"app_label": "auth", "model": "permission"}}, {"model": "contenttypes.contenttype", "pk": 3, "fields": {"app_label": "auth", "model": "group"}}, {"model": "contenttypes.contenttype", "pk": 4, "fields": {"app_label": "auth", "model": "user"}}, {"model": "contenttypes.contenttype", "pk": 5, "fields": {"app_label": "contenttypes", "model": "contenttype"}}, {"model": "contenttypes.contenttype", "pk": 6, "fields": {"app_label": "sessions", "model": "session"}}, {"model": "contenttypes.contenttype", "pk": 7, "fields": {"app_label": "bar_app", "model": "bar"}}, {"model": "contenttypes.contenttype", "pk": 8, "fields": {"app_label": "bar_app", "model": "drink"}}, {"model": "contenttypes.contenttype", "pk": 9, "fields": {"app_label": "bar_app", "model": "employee"}}, {"model": "contenttypes.contenttype", "pk": 10, "fields": {"app_label": "bar_app", "model": "tab"}}, {"model": "contenttypes.contenttype", "pk": 11, "fields": {"app_label": "bar_app", "model": "lineitem"}}, {"model": "contenttypes.contenttype", "pk": 12, "fields": {"app_label": "patron_app", "model": "identification"}}, {"model": "contenttypes.contenttype", "pk": 13, "fields": {"app_label": "patron_app", "model": "patron"}}, {"model": "contenttypes.contenttype", "pk": 14, "fields": {"app_label": "patron_app", "model": "payment"}}, {"model": "sessions.session", "pk": "1gv4pgw32pphg6zvk38q68x5q54jusv7", "fields": {"session_data": "OWVkYmE3ZDcyY2ZiZGU5YzJhZjQxZTE4NTQ5NDQ3Y2M3ZGQ1YjFhNTp7ImNsb2NrZWRfaW4iOlsyLDEsMSw1XSwiZW1wbG95ZWVfaWQiOiIyIn0=", "expire_date": "2020-11-04T00:18:53.611Z"}}, {"model": "sessions.session", "pk": "uinr2m03xnur49z59rghej4dn4fovunr", "fields": {"session_data": "YWQ2MjAzY2NmMTE4MTdjMTQzNDIwNmIzZTRiYWEyOGQ5Y2NkYjJlZjp7ImNsb2NrZWRfaW4iOltdfQ==", "expire_date": "2020-11-06T01:17:29.132Z"}}, {"model": "bar_app.drink", "pk": 1, "fields": {"name": "Coors", "description": "A good cold beer", "cost": 600, "created_at": "2020-10-20T22:02:44.352Z", "updated_at": "2020-10-22T23:32:17.726Z"}}, {"model": "bar_app.drink", "pk": 2, "fields": {"name": "Espiral", "description": "A white fizzy wine", "cost": 1200, "created_at": "2020-10-20T22:03:23.578Z", "updated_at": "2020-10-23T00:34:16.225Z"}}, {"model": "bar_app.drink", "pk": 3, "fields": {"name": "Hazy IPA", "description": "A local pour of a hoppy, hazy style IPA", "cost": 800, "created_at": "2020-10-21T01:13:56.175Z", "updated_at": "2020-10-23T00:34:23.628Z"}}, {"model": "bar_app.drink", "pk": 4, "fields": {"name": "Cabernet Sauvignon", "description": "A full bodied Napa Cab", "cost": 1200, "created_at": "2020-10-21T01:14:56.695Z", "updated_at": "2020-10-23T00:34:27.532Z"}}, {"model": "bar_app.drink", "pk": 5, "fields": {"name": "Whiskey Shot", "description": "Jack Daniels or Jim Beam", "cost": 500, "created_at": "2020-10-21T01:15:39.486Z", "updated_at": "2020-10-23T00:34:31.075Z"}}, {"model": "bar_app.drink", "pk": 6, "fields": {"name": "Cosmopolitan", "description": "Vodka, Triple Sec, Cranberry Juice, Lime Juice", "cost": 1400, "created_at": "2020-10-21T15:40:37.458Z", "updated_at": "2020-10-23T00:34:34.809Z"}}, {"model": "bar_app.drink", "pk": 7, "fields": {"name": "Moscow Mule", "description": "Vodka, Fresh Lime Juice, Ginger Beer", "cost": 1200, "created_at": "2020-10-21T15:41:17.624Z", "updated_at": "2020-10-23T00:34:38.490Z"}}, {"model": "bar_app.drink", "pk": 8, "fields": {"name": "Whiskey Sour", "description": "Whiskey, Sour Mix, Cherry Garnish", "cost": 1000, "created_at": "2020-10-21T15:41:51.729Z", "updated_at": "2020-10-23T00:34:42.155Z"}}, {"model": "bar_app.drink", "pk": 9, "fields": {"name": "Corona Light", "description": "Available Bottle or Draft", "cost": 500, "created_at": "2020-10-21T15:42:54.756Z", "updated_at": "2020-10-23T00:34:46.263Z"}}, {"model": "bar_app.drink", "pk": 10, "fields": {"name": "White Claw", "description": "Black Cherry, Grapefruit, Lime, or Mango", "cost": 700, "created_at": "2020-10-21T15:43:30.337Z", "updated_at": "2020-10-23T00:34:49.942Z"}}, {"model": "bar_app.drink", "pk": 11, "fields": {"name": "Jack & Coke", "description": "", "cost": 600, "created_at": "2020-10-21T15:44:01.464Z", "updated_at": "2020-10-23T00:34:53.102Z"}}, {"model": "bar_app.drink", "pk": 12, "fields": {"name": "Red Wine by the Bottle", "description": "Cabernet, Merlot, or Pinot Noir", "cost": 2500, "created_at": "2020-10-21T15:44:49.287Z", "updated_at": "2020-10-23T00:35:17.829Z"}}, {"model": "bar_app.drink", "pk": 13, "fields": {"name": "White Wine by the Bottle", "description": "Pinot Grigio, Sauvignon Blanc, or Chardonnay", "cost": 2500, "created_at": "2020-10-21T15:45:30.872Z", "updated_at": "2020-10-23T00:35:23.098Z"}}, {"model": "bar_app.drink", "pk": 14, "fields": {"name": "Wheat Pint", "description": "A wheaty ale, perfect for the summer.", "cost": 600, "created_at": "2020-10-21T15:46:07.609Z", "updated_at": "2020-10-23T00:35:27.077Z"}}, {"model": "bar_app.drink", "pk": 15, "fields": {"name": "Guinness Pint", "description": "Stout", "cost": 600, "created_at": "2020-10-21T15:46:34.449Z", "updated_at": "2020-10-23T00:35:30.983Z"}}, {"model": "bar_app.drink", "pk": 16, "fields": {"name": "Vodka Mix", "description": "Any mixer of your choosing.", "cost": 700, "created_at": "2020-10-21T15:47:15.766Z", "updated_at": "2020-10-23T00:35:36.356Z"}}, {"model": "bar_app.drink", "pk": 17, "fields": {"name": "Tequila Shot", "description": "", "cost": 500, "created_at": "2020-10-21T15:47:51.968Z", "updated_at": "2020-10-23T00:35:40.375Z"}}, {"model": "bar_app.drink", "pk": 18, "fields": {"name": "Soda", "description": "A non alcoholic option", "cost": 300, "created_at": "2020-10-21T15:48:21.060Z", "updated_at": "2020-10-23T00:35:44.033Z"}}, {"model": "bar_app.drink", "pk": 19, "fields": {"name": "Pilsner Pint", "description": "A light, crispy lager", "cost": 500, "created_at": "2020-10-21T15:48:51.411Z", "updated_at": "2020-10-23T00:35:48.957Z"}}, {"model": "bar_app.drink", "pk": 20, "fields": {"name": "Manhattan", "description": "Your choice of Whiskey or Rye, Cherry Garnish", "cost": 1200, "created_at": "2020-10-21T15:49:41.747Z", "updated_at": "2020-10-23T00:35:52.607Z"}}, {"model": "bar_app.drink", "pk": 21, "fields": {"name": "Martini", "description": "Vodka or Gin, Olive or Lemon Twist", "cost": 1200, "created_at": "2020-10-21T15:50:15.640Z", "updated_at": "2020-10-23T00:35:55.878Z"}}, {"model": "bar_app.employee", "pk": 1, "fields": {"name": "Bob Boblaw", "is_manager": false, "password": "$2b$12$er5L.bakc3WoovoBXCV3geo5B618MjtvKJBM5bcAuIyeeMeyo5uTS", "created_at": "2020-10-20T20:13:39.072Z", "updated_at": "2020-10-20T20:13:39.072Z"}}, {"model": "bar_app.employee", "pk": 2, "fields": {"name": "Wednesday Addams", "is_manager": true, "password": "$2b$12$Ecjbx32lKrL7oKszf7sO8epUzKn.3p0gwivdz1AGIL4XzrFBxy9sq", "created_at": "2020-10-20T20:47:33.055Z", "updated_at": "2020-10-20T20:47:33.055Z"}}, {"model": "bar_app.employee", "pk": 3, "fields": {"name": "Bee Bau", "is_manager": false, "password": "$2b$12$z6eiGXzvFGGcXU5aztG84.Ox40Yu0ZCS/OHAcwqZ77qvRD8ZJeypm", "created_at": "2020-10-20T21:37:26.353Z", "updated_at": "2020-10-20T21:37:26.353Z"}}, {"model": "bar_app.employee", "pk": 4, "fields": {"name": "Jenny Jones", "is_manager": true, "password": "$2b$12$mIpFPw8kBb0r1.JPbNDocuhkwiUa9u2vjpCi3OTJ/egui5pfIFLJe", "created_at": "2020-10-20T21:54:11.301Z", "updated_at": "2020-10-20T21:54:11.301Z"}}, {"model": "bar_app.employee", "pk": 5, "fields": {"name": "Bob Smith", "is_manager": false, "password": "$2b$12$RlnZ/90nQAUASnXSrJFVb.2mWnWMd6WloLeMCfESCaP7nuBfoRHi.", "created_at": "2020-10-20T21:55:56.213Z", "updated_at": "2020-10-20T21:55:56.213Z"}}, {"model": "bar_app.tab", "pk": 1, "fields": {"patron": 4, "payment_reference": "123456789", "total": 1, "created_at": "2020-10-22T23:09:00.540Z", "updated_at": "2020-10-22T23:44:22.692Z", "bartender": [], "drinks": [6, 8, 12, 13]}}, {"model": "bar_app.tab", "pk": 2, "fields": {"patron": 4, "payment_reference": "123456789", "total": 27, "created_at": "2020-10-22T23:21:48.633Z", "updated_at": "2020-10-22T23:44:24.828Z", "bartender": [], "drinks": [3, 7, 11]}}, {"model": "bar_app.tab", "pk": 3, "fields": {"patron": 4, "payment_reference": "123456789", "total": 0, "created_at": "2020-10-22T23:26:40.452Z", "updated_at": "2020-10-22T23:29:01.004Z", "bartender": [], "drinks": []}}, {"model": "bar_app.tab", "pk": 4, "fields": {"patron": 4, "payment_reference": "123456789", "total": 36, "created_at": "2020-10-22T23:29:22.311Z", "updated_at": "2020-10-22T23:44:26.012Z", "bartender": [], "drinks": [5, 9, 12]}}, {"model": "bar_app.tab", "pk": 5, "fields": {"patron": 4, "payment_reference": "123456789", "total": 1, "created_at": "2020-10-22T23:35:15.778Z", "updated_at": "2020-10-22T23:44:28.629Z", "bartender": [], "drinks": []}}, {"model": "bar_app.tab", "pk": 6, "fields": {"patron": 4, "payment_reference": "123456789", "total": 38, "created_at": "2020-10-22T23:35:31.553Z", "updated_at": "2020-10-22T23:44:27.020Z", "bartender": [], "drinks": [7, 13]}}, {"model": "bar_app.tab", "pk": 7, "fields": {"patron": 4, "payment_reference": "123456789", "total": 0, "created_at": "2020-10-22T23:44:40.790Z", "updated_at": "2020-10-22T23:44:48.917Z", "bartender": [], "drinks": []}}, {"model": "bar_app.tab", "pk": 8, "fields": {"patron": 4, "payment_reference": null, "total": 3800, "created_at": "2020-10-23T00:33:23.879Z", "updated_at": "2020-10-23T00:59:11.771Z", "bartender": [5], "drinks": [3, 6, 8, 11]}}, {"model": "bar_app.tab", "pk": 9, "fields": {"patron": 4, "payment_reference": null, "total": 1900, "created_at": "2020-10-23T00:59:18.868Z", "updated_at": "2020-10-23T01:00:24.181Z", "bartender": [5], "drinks": [1, 10, 11]}}, {"model": "bar_app.tab", "pk": 10, "fields": {"patron": 4, "payment_reference": "123456789", "total": 0, "created_at": "2020-10-23T00:59:22.893Z", "updated_at": "2020-10-23T01:00:07.227Z", "bartender": [], "drinks": []}}, {"model": "bar_app.tab", "pk": 11, "fields": {"patron": 4, "payment_reference": "123456789", "total": 0, "created_at": "2020-10-23T00:59:35.827Z", "updated_at": "2020-10-23T01:00:08.406Z", "bartender": [], "drinks": []}}, {"model": "bar_app.tab", "pk": 12, "fields": {"patron": 4, "payment_reference": "123456789", "total": 0, "created_at": "2020-10-23T00:59:40.207Z", "updated_at": "2020-10-23T01:00:09.694Z", "bartender": [], "drinks": []}}, {"model": "bar_app.tab", "pk": 13, "fields": {"patron": 4, "payment_reference": null, "total": 4900, "created_at": "2020-10-23T00:59:43.930Z", "updated_at": "2020-10-23T01:00:42.987Z", "bartender": [5], "drinks": [3, 5, 9, 12, 14]}}, {"model": "bar_app.tab", "pk": 14, "fields": {"patron": 4, "payment_reference": "123456789", "total": 5600, "created_at": "2020-10-23T00:59:55.037Z", "updated_at": "2020-10-23T01:03:41.869Z", "bartender": [], "drinks": [2, 4, 10, 13]}}, {"model": "bar_app.tab", "pk": 15, "fields": {"patron": 4, "payment_reference": "123456789", "total": 2200, "created_at": "2020-10-23T00:59:57.515Z", "updated_at": "2020-10-23T01:04:09.156Z", "bartender": [], "drinks": [8, 20]}}, {"model": "bar_app.tab", "pk": 16, "fields": {"patron": 4, "payment_reference": null, "total": 0, "created_at": "2020-10-23T01:04:14.585Z", "updated_at": "2020-10-23T01:04:14.585Z", "bartender": [5], "drinks": []}}, {"model": "bar_app.tab", "pk": 17, "fields": {"patron": 2, "payment_reference": "123456789", "total": 0, "created_at": "2020-10-23T01:04:39.943Z", "updated_at": "2020-10-23T01:15:51.358Z", "bartender": [5], "drinks": []}}, {"model": "bar_app.tab", "pk": 18, "fields": {"patron": 2, "payment_reference": "123456789", "total": 0, "created_at": "2020-10-23T01:04:45.379Z", "updated_at": "2020-10-23T01:15:48.199Z", "bartender": [5], "drinks": []}}, {"model": "bar_app.tab", "pk": 19, "fields": {"patron": 2, "payment_reference": "123456789", "total": 0, "created_at": "2020-10-23T01:15:31.362Z", "updated_at": "2020-10-23T01:15:46.138Z", "bartender": [5], "drinks": []}}, {"model": "bar_app.lineitem", "pk": 1, "fields": {"tab": 1, "name": "Cosmopolitan", "cost": 14}}, {"model": "bar_app.lineitem", "pk": 2, "fields": {"tab": 1, "name": "White Wine by the Bottle", "cost": 25}}, {"model": "bar_app.lineitem", "pk": 3, "fields": {"tab": 1, "name": "Whiskey Sour", "cost": 10}}, {"model": "bar_app.lineitem", "pk": 4, "fields": {"tab": 1, "name": "Whiskey Sour", "cost": 10}}, {"model": "bar_app.lineitem", "pk": 5, "fields": {"tab": 1, "name": "Red Wine by the Bottle", "cost": 25}}, {"model": "bar_app.lineitem", "pk": 6, "fields": {"tab": 1, "name": "Cosmopolitan", "cost": 14}}, {"model": "bar_app.lineitem", "pk": 7, "fields": {"tab": 1, "name": "Cosmopolitan", "cost": 14}}, {"model": "bar_app.lineitem", "pk": 8, "fields": {"tab": 4, "name": "Whiskey Shot", "cost": 5}}, {"model": "bar_app.lineitem", "pk": 9, "fields": {"tab": 2, "name": "Hazy IPA", "cost": 8}}, {"model": "bar_app.lineitem", "pk": 10, "fields": {"tab": 2, "name": "Jack & Coke", "cost": 6}}, {"model": "bar_app.lineitem", "pk": 11, "fields": {"tab": 2, "name": "Moscow Mule", "cost": 12}}, {"model": "bar_app.lineitem", "pk": 12, "fields": {"tab": 4, "name": "Corona Light", "cost": 5}}, {"model": "bar_app.lineitem", "pk": 13, "fields": {"tab": 4, "name": "Red Wine by the Bottle", "cost": 25}}, {"model": "bar_app.lineitem", "pk": 14, "fields": {"tab": 6, "name": "Moscow Mule", "cost": 12}}, {"model": "bar_app.lineitem", "pk": 15, "fields": {"tab": 6, "name": "White Wine by the Bottle", "cost": 25}}, {"model": "bar_app.lineitem", "pk": 16, "fields": {"tab": 8, "name": "Hazy IPA", "cost": 800}}, {"model": "bar_app.lineitem", "pk": 17, "fields": {"tab": 8, "name": "Jack & Coke", "cost": 600}}, {"model": "bar_app.lineitem", "pk": 18, "fields": {"tab": 8, "name": "Whiskey Sour", "cost": 1000}}, {"model": "bar_app.lineitem", "pk": 19, "fields": {"tab": 8, "name": "Whiskey Sour", "cost": 1000}}, {"model": "bar_app.lineitem", "pk": 20, "fields": {"tab": 8, "name": "Cosmopolitan", "cost": 1400}}, {"model": "bar_app.lineitem", "pk": 21, "fields": {"tab": 9, "name": "Coors", "cost": 600}}, {"model": "bar_app.lineitem", "pk": 22, "fields": {"tab": 9, "name": "Jack & Coke", "cost": 600}}, {"model": "bar_app.lineitem", "pk": 23, "fields": {"tab": 9, "name": "White Claw", "cost": 700}}, {"model": "bar_app.lineitem", "pk": 24, "fields": {"tab": 13, "name": "Red Wine by the Bottle", "cost": 2500}}, {"model": "bar_app.lineitem", "pk": 25, "fields": {"tab": 13, "name": "Whiskey Shot", "cost": 500}}, {"model": "bar_app.lineitem", "pk": 26, "fields": {"tab": 13, "name": "Hazy IPA", "cost": 800}}, {"model": "bar_app.lineitem", "pk": 27, "fields": {"tab": 13, "name": "Corona Light", "cost": 500}}, {"model": "bar_app.lineitem", "pk": 28, "fields": {"tab": 13, "name": "Wheat Pint", "cost": 600}}, {"model": "bar_app.lineitem", "pk": 29, "fields": {"tab": 14, "name": "White Claw", "cost": 700}}, {"model": "bar_app.lineitem", "pk": 30, "fields": {"tab": 14, "name": "White Wine by the Bottle", "cost": 2500}}, {"model": "bar_app.lineitem", "pk": 31, "fields": {"tab": 14, "name": "Cabernet Sauvignon", "cost": 1200}}, {"model": "bar_app.lineitem", "pk": 32, "fields": {"tab": 14, "name": "Espiral", "cost": 1200}}, {"model": "bar_app.lineitem", "pk": 33, "fields": {"tab": 15, "name": "Whiskey Sour", "cost": 1000}}, {"model": "bar_app.lineitem", "pk": 34, "fields": {"tab": 15, "name": "Manhattan", "cost": 1200}}, {"model": "patron_app.patron", "pk": 1, "fields": {"first_name": "Liza", "last_name": "Manelli", "valid_to_drink": true, "email_address": "email@email.com", "password": "$2b$12$mXg8bCqIqIYQTUNLdMMG4.H3RDNtUoMq7NY.4FOYpM2wJUqpnf7e.", "external_id": "", "created_at": "2020-10-20T20:18:07.139Z", "updated_at": "2020-10-20T20:18:07.139Z"}}, {"model": "patron_app.patron", "pk": 2, "fields": {"first_name": "Dave", "last_name": "Smith", "valid_to_drink": true, "email_address": "dave@fake.com", "password": "$2b$12$fVyMZURs73htPkllXVy6YOJQZ15uk9MfMb4pmoo9kzqiSoY2Nl8bK", "external_id": "", "created_at": "2020-10-20T21:49:01.477Z", "updated_at": "2020-10-20T21:49:01.477Z"}}, {"model": "patron_app.patron", "pk": 3, "fields": {"first_name": "Amy", "last_name": "Jones", "valid_to_drink": false, "email_address": "amy@fake.com", "password": "$2b$12$8M6JxcHZPfVw9hoqHAIRMuHIhWsU1znlUlW7YPI4QWycL57Jgvw3G", "external_id": "", "created_at": "2020-10-20T21:51:11.773Z", "updated_at": "2020-10-20T21:51:11.773Z"}}, {"model": "patron_app.patron", "pk": 4, "fields": {"first_name": "New", "last_name": "Person", "valid_to_drink": true, "email_address": "new@email.com", "password": "$2b$12$OPeFV8FkKD7YRcnvdMNEt.Bx2pR5mNiAOxmxQ4S3CsEdrQX5OdZFy", "external_id": "cus_IFiIZ6GkX3gHFM", "created_at": "2020-10-22T23:07:12.162Z", "updated_at": "2020-10-22T23:07:12.162Z"}}, {"model": "auth.permission", "pk": 1, "fields": {"name": "Can add log entry", "content_type": 1, "codename": "add_logentry"}}, {"model": "auth.permission", "pk": 2, "fields": {"name": "Can change log entry", "content_type": 1, "codename": "change_logentry"}}, {"model": "auth.permission", "pk": 3, "fields": {"name": "Can delete log entry", "content_type": 1, "codename": "delete_logentry"}}, {"model": "auth.permission", "pk": 4, "fields": {"name": "Can view log entry", "content_type": 1, "codename": "view_logentry"}}, {"model": "auth.permission", "pk": 5, "fields": {"name": "Can add permission", "content_type": 2, "codename": "add_permission"}}, {"model": "auth.permission", "pk": 6, "fields": {"name": "Can change permission", "content_type": 2, "codename": "change_permission"}}, {"model": "auth.permission", "pk": 7, "fields": {"name": "Can delete permission", "content_type": 2, "codename": "delete_permission"}}, {"model": "auth.permission", "pk": 8, "fields": {"name": "Can view permission", "content_type": 2, "codename": "view_permission"}}, {"model": "auth.permission", "pk": 9, "fields": {"name": "Can add group", "content_type": 3, "codename": "add_group"}}, {"model": "auth.permission", "pk": 10, "fields": {"name": "Can change group", "content_type": 3, "codename": "change_group"}}, {"model": "auth.permission", "pk": 11, "fields": {"name": "Can delete group", "content_type": 3, "codename": "delete_group"}}, {"model": "auth.permission", "pk": 12, "fields": {"name": "Can view group", "content_type": 3, "codename": "view_group"}}, {"model": "auth.permission", "pk": 13, "fields": {"name": "Can add user", "content_type": 4, "codename": "add_user"}}, {"model": "auth.permission", "pk": 14, "fields": {"name": "Can change user", "content_type": 4, "codename": "change_user"}}, {"model": "auth.permission", "pk": 15, "fields": {"name": "Can delete user", "content_type": 4, "codename": "delete_user"}}, {"model": "auth.permission", "pk": 16, "fields": {"name": "Can view user", "content_type": 4, "codename": "view_user"}}, {"model": "auth.permission", "pk": 17, "fields": {"name": "Can add content type", "content_type": 5, "codename": "add_contenttype"}}, {"model": "auth.permission", "pk": 18, "fields": {"name": "Can change content type", "content_type": 5, "codename": "change_contenttype"}}, {"model": "auth.permission", "pk": 19, "fields": {"name": "Can delete content type", "content_type": 5, "codename": "delete_contenttype"}}, {"model": "auth.permission", "pk": 20, "fields": {"name": "Can view content type", "content_type": 5, "codename": "view_contenttype"}}, {"model": "auth.permission", "pk": 21, "fields": {"name": "Can add session", "content_type": 6, "codename": "add_session"}}, {"model": "auth.permission", "pk": 22, "fields": {"name": "Can change session", "content_type": 6, "codename": "change_session"}}, {"model": "auth.permission", "pk": 23, "fields": {"name": "Can delete session", "content_type": 6, "codename": "delete_session"}}, {"model": "auth.permission", "pk": 24, "fields": {"name": "Can view session", "content_type": 6, "codename": "view_session"}}, {"model": "auth.permission", "pk": 25, "fields": {"name": "Can add bar", "content_type": 7, "codename": "add_bar"}}, {"model": "auth.permission", "pk": 26, "fields": {"name": "Can change bar", "content_type": 7, "codename": "change_bar"}}, {"model": "auth.permission", "pk": 27, "fields": {"name": "Can delete bar", "content_type": 7, "codename": "delete_bar"}}, {"model": "auth.permission", "pk": 28, "fields": {"name": "Can view bar", "content_type": 7, "codename": "view_bar"}}, {"model": "auth.permission", "pk": 29, "fields": {"name": "Can add drink", "content_type": 8, "codename": "add_drink"}}, {"model": "auth.permission", "pk": 30, "fields": {"name": "Can change drink", "content_type": 8, "codename": "change_drink"}}, {"model": "auth.permission", "pk": 31, "fields": {"name": "Can delete drink", "content_type": 8, "codename": "delete_drink"}}, {"model": "auth.permission", "pk": 32, "fields": {"name": "Can view drink", "content_type": 8, "codename": "view_drink"}}, {"model": "auth.permission", "pk": 33, "fields": {"name": "Can add employee", "content_type": 9, "codename": "add_employee"}}, {"model": "auth.permission", "pk": 34, "fields": {"name": "Can change employee", "content_type": 9, "codename": "change_employee"}}, {"model": "auth.permission", "pk": 35, "fields": {"name": "Can delete employee", "content_type": 9, "codename": "delete_employee"}}, {"model": "auth.permission", "pk": 36, "fields": {"name": "Can view employee", "content_type": 9, "codename": "view_employee"}}, {"model": "auth.permission", "pk": 37, "fields": {"name": "Can add tab", "content_type": 10, "codename": "add_tab"}}, {"model": "auth.permission", "pk": 38, "fields": {"name": "Can change tab", "content_type": 10, "codename": "change_tab"}}, {"model": "auth.permission", "pk": 39, "fields": {"name": "Can delete tab", "content_type": 10, "codename": "delete_tab"}}, {"model": "auth.permission", "pk": 40, "fields": {"name": "Can view tab", "content_type": 10, "codename": "view_tab"}}, {"model": "auth.permission", "pk": 41, "fields": {"name": "Can add payment", "content_type": 11, "codename": "add_payment"}}, {"model": "auth.permission", "pk": 42, "fields": {"name": "Can change payment", "content_type": 11, "codename": "change_payment"}}, {"model": "auth.permission", "pk": 43, "fields": {"name": "Can delete payment", "content_type": 11, "codename": "delete_payment"}}, {"model": "auth.permission", "pk": 44, "fields": {"name": "Can view payment", "content_type": 11, "codename": "view_payment"}}, {"model": "auth.permission", "pk": 45, "fields": {"name": "Can add identification", "content_type": 12, "codename": "add_identification"}}, {"model": "auth.permission", "pk": 46, "fields": {"name": "Can change identification", "content_type": 12, "codename": "change_identification"}}, {"model": "auth.permission", "pk": 47, "fields": {"name": "Can delete identification", "content_type": 12, "codename": "delete_identification"}}, {"model": "auth.permission", "pk": 48, "fields": {"name": "Can view identification", "content_type": 12, "codename": "view_identification"}}, {"model": "auth.permission", "pk": 49, "fields": {"name": "Can add patron", "content_type": 13, "codename": "add_patron"}}, {"model": "auth.permission", "pk": 50, "fields": {"name": "Can change patron", "content_type": 13, "codename": "change_patron"}}, {"model": "auth.permission", "pk": 51, "fields": {"name": "Can delete patron", "content_type": 13, "codename": "delete_patron"}}, {"model": "auth.permission", "pk": 52, "fields": {"name": "Can view patron", "content_type": 13, "codename": "view_patron"}}, {"model": "auth.permission", "pk": 53, "fields": {"name": "Can add payment", "content_type": 14, "codename": "add_payment"}}, {"model": "auth.permission", "pk": 54, "fields": {"name": "Can change payment", "content_type": 14, "codename": "change_payment"}}, {"model": "auth.permission", "pk": 55, "fields": {"name": "Can delete payment", "content_type": 14, "codename": "delete_payment"}}, {"model": "auth.permission", "pk": 56, "fields": {"name": "Can view payment", "content_type": 14, "codename": "view_payment"}}]